INSERT INTO `user_admin`.`TB_USERADMIN_SYSTEM` (`SYSTEM_ID`, `SYSTEM_CODE`, `NAME`, `ICON`, `URL`, `DESCRIPTION`, `STATUS`, `CREATE_TIME`, `CREATE_PERSON`, `UPDATE_TIME`, `UPDATE_PERSON`) VALUES ('1', 'PERSON_CENTER', '个人中心', 'NULL', 'http://person', '个人中心', '1', '2013-11-11 11:11:11', '1', '2013-11-11 11:11:11', '1');
INSERT INTO `user_admin`.`TB_USERADMIN_SYSTEM` (`SYSTEM_ID`, `SYSTEM_CODE`, `NAME`, `ICON`, `URL`, `DESCRIPTION`, `STATUS`, `CREATE_TIME`, `CREATE_PERSON`, `UPDATE_TIME`, `UPDATE_PERSON`) VALUES ('2', 'GOODS_CENTER', '商品中心', 'NULL', 'http://goods', '商品中心', '1', '2013-11-11 11:11:11', '1', '2013-11-11 11:11:11', '1');
INSERT INTO `user_admin`.`TB_USERADMIN_SYSTEM` (`SYSTEM_ID`, `SYSTEM_CODE`, `NAME`, `ICON`, `URL`, `DESCRIPTION`, `STATUS`, `CREATE_TIME`, `CREATE_PERSON`, `UPDATE_TIME`, `UPDATE_PERSON`) VALUES ('3', 'ORDER_CENTER', '订单中心', 'NULL', 'http://order', '订单中心', '1', '2013-11-11 11:11:11', '1', '2013-11-11 11:11:11', '1');
INSERT INTO `user_admin`.`TB_USERADMIN_SYSTEM` (`SYSTEM_ID`, `SYSTEM_CODE`, `NAME`, `ICON`, `URL`, `DESCRIPTION`, `STATUS`, `CREATE_TIME`, `CREATE_PERSON`, `UPDATE_TIME`, `UPDATE_PERSON`) VALUES ('4', 'ACTIVITY_CENTER', '活动中心', 'NULL', 'http://activity', '活动中心', '1', '2013-11-11 11:11:11', '1', '2013-11-11 11:11:11', '1');
INSERT INTO `user_admin`.`TB_USERADMIN_SYSTEM` (`SYSTEM_ID`, `SYSTEM_CODE`, `NAME`, `ICON`, `URL`, `DESCRIPTION`, `STATUS`, `CREATE_TIME`, `CREATE_PERSON`, `UPDATE_TIME`, `UPDATE_PERSON`) VALUES ('5', 'REPORT_SYSTEM', '报表统计', 'NULL', 'http://report', '报表统计', '1', '2013-11-11 11:11:11', '1', '2013-11-11 11:11:11', '1');
INSERT INTO `user_admin`.`TB_USERADMIN_SYSTEM` (`SYSTEM_ID`, `SYSTEM_CODE`, `NAME`, `ICON`, `URL`, `DESCRIPTION`, `STATUS`, `CREATE_TIME`, `CREATE_PERSON`, `UPDATE_TIME`, `UPDATE_PERSON`) VALUES ('6', 'EVAL_SYSTEM', '评价系统', 'NULL', 'http://eval', '评价系统', '1', '2013-11-11 11:11:11', '1', '2013-11-11 11:11:11', '1');
INSERT INTO `user_admin`.`TB_USERADMIN_SYSTEM` (`SYSTEM_ID`, `SYSTEM_CODE`, `NAME`, `ICON`, `URL`, `DESCRIPTION`, `STATUS`, `CREATE_TIME`, `CREATE_PERSON`, `UPDATE_TIME`, `UPDATE_PERSON`) VALUES ('7', 'USER_SYSTEM', '用户管理系统', 'NULL', 'http://user', '用户管理系统', '1', '2013-11-11 11:11:11', '1', '2013-11-11 11:11:11', '1');
-----------------------------------
INSERT INTO `user_admin`.`TB_USERADMIN_RESOURCE` (`RES_ID`, `SYSTEM_CODE`, `PARENT_RES_ID`, `NAME`, `ENAME`, `URL`, `TYPE`, `ICON`, `ORDER_NO`, `DESCRIPTION`, `STATUS`, `STYLE`, `CREATE_TIME`, `CREATE_PERSON`, `UPDATE_TIME`, `UPDATE_PERSON`) VALUES ('1', 'PERSON_CENTER', '-1', '我的交易', 'NULL', 'none', '0', 'none', '1', '我的交易', '1', '', '2013-11-11 11:11:11', '1', '2013-11-11 11:11:11', '1');
INSERT INTO `user_admin`.`TB_USERADMIN_RESOURCE` (`RES_ID`, `SYSTEM_CODE`, `PARENT_RES_ID`, `NAME`, `ENAME`, `URL`, `TYPE`, `ICON`, `ORDER_NO`, `DESCRIPTION`, `STATUS`, `STYLE`, `CREATE_TIME`, `CREATE_PERSON`, `UPDATE_TIME`, `UPDATE_PERSON`) VALUES ('2', 'PERSON_CENTER', '-1', '我的收藏', 'NULL', 'none', '0', 'none', '2', '我的收藏', '1', '', '2013-11-11 11:11:11', '1', '2013-11-11 11:11:11', '1');
INSERT INTO `user_admin`.`TB_USERADMIN_RESOURCE` (`RES_ID`, `SYSTEM_CODE`, `PARENT_RES_ID`, `NAME`, `ENAME`, `URL`, `TYPE`, `ICON`, `ORDER_NO`, `DESCRIPTION`, `STATUS`, `STYLE`, `CREATE_TIME`, `CREATE_PERSON`, `UPDATE_TIME`, `UPDATE_PERSON`) VALUES ('3', 'PERSON_CENTER', '-1', '常用优品', 'NULL', 'none', '0', 'none', '3', '常用优品', '1', '', '2013-11-11 11:11:11', '1', '2013-11-11 11:11:11', '1');
INSERT INTO `user_admin`.`TB_USERADMIN_RESOURCE` (`RES_ID`, `SYSTEM_CODE`, `PARENT_RES_ID`, `NAME`, `ENAME`, `URL`, `TYPE`, `ICON`, `ORDER_NO`, `DESCRIPTION`, `STATUS`, `STYLE`, `CREATE_TIME`, `CREATE_PERSON`, `UPDATE_TIME`, `UPDATE_PERSON`) VALUES ('4', 'PERSON_CENTER', '1', '我的购物车', 'NULL', 'none', '0', 'none', '1', '我的购物车', '1', '', '2013-11-11 11:11:11', '1', '2013-11-11 11:11:11', '1');
INSERT INTO `user_admin`.`TB_USERADMIN_RESOURCE` (`RES_ID`, `SYSTEM_CODE`, `PARENT_RES_ID`, `NAME`, `ENAME`, `URL`, `TYPE`, `ICON`, `ORDER_NO`, `DESCRIPTION`, `STATUS`, `STYLE`, `CREATE_TIME`, `CREATE_PERSON`, `UPDATE_TIME`, `UPDATE_PERSON`) VALUES ('5', 'PERSON_CENTER', '1', '已买到的宝贝', 'NULL', 'none', '0', 'none', '2', '已买到的宝贝', '1', '', '2013-11-11 11:11:11', '1', '2013-11-11 11:11:11', '1');
INSERT INTO `user_admin`.`TB_USERADMIN_RESOURCE` (`RES_ID`, `SYSTEM_CODE`, `PARENT_RES_ID`, `NAME`, `ENAME`, `URL`, `TYPE`, `ICON`, `ORDER_NO`, `DESCRIPTION`, `STATUS`, `STYLE`, `CREATE_TIME`, `CREATE_PERSON`, `UPDATE_TIME`, `UPDATE_PERSON`) VALUES ('6', 'PERSON_CENTER', '1', '我的彩票', 'NULL', 'none', '0', 'none', '3', '我的彩票', '1', '', '2013-11-11 11:11:11', '1', '2013-11-11 11:11:11', '1');
INSERT INTO `user_admin`.`TB_USERADMIN_RESOURCE` (`RES_ID`, `SYSTEM_CODE`, `PARENT_RES_ID`, `NAME`, `ENAME`, `URL`, `TYPE`, `ICON`, `ORDER_NO`, `DESCRIPTION`, `STATUS`, `STYLE`, `CREATE_TIME`, `CREATE_PERSON`, `UPDATE_TIME`, `UPDATE_PERSON`) VALUES ('7', 'PERSON_CENTER', '2', '店铺收藏', 'NULL', 'none', '0', 'none', '1', '店铺收藏', '1', '', '2013-11-11 11:11:11', '1', '2013-11-11 11:11:11', '1');
INSERT INTO `user_admin`.`TB_USERADMIN_RESOURCE` (`RES_ID`, `SYSTEM_CODE`, `PARENT_RES_ID`, `NAME`, `ENAME`, `URL`, `TYPE`, `ICON`, `ORDER_NO`, `DESCRIPTION`, `STATUS`, `STYLE`, `CREATE_TIME`, `CREATE_PERSON`, `UPDATE_TIME`, `UPDATE_PERSON`) VALUES ('8', 'PERSON_CENTER', '2', '宝贝收藏', 'NULL', 'none', '0', 'none', '2', '宝贝收藏', '1', '', '2013-11-11 11:11:11', '1', '2013-11-11 11:11:11', '1');
INSERT INTO `user_admin`.`TB_USERADMIN_RESOURCE` (`RES_ID`, `SYSTEM_CODE`, `PARENT_RES_ID`, `NAME`, `ENAME`, `URL`, `TYPE`, `ICON`, `ORDER_NO`, `DESCRIPTION`, `STATUS`, `STYLE`, `CREATE_TIME`, `CREATE_PERSON`, `UPDATE_TIME`, `UPDATE_PERSON`) VALUES ('9', 'PERSON_CENTER', '3', '家居优品', 'NULL', 'none', '0', 'none', '1', '家居优品', '1', '', '2013-11-11 11:11:11', '1', '2013-11-11 11:11:11', '1');
INSERT INTO `user_admin`.`TB_USERADMIN_RESOURCE` (`RES_ID`, `SYSTEM_CODE`, `PARENT_RES_ID`, `NAME`, `ENAME`, `URL`, `TYPE`, `ICON`, `ORDER_NO`, `DESCRIPTION`, `STATUS`, `STYLE`, `CREATE_TIME`, `CREATE_PERSON`, `UPDATE_TIME`, `UPDATE_PERSON`) VALUES ('10', 'GOODS_CENTER', '-1', '商品管理', 'NULL', 'none', '0', 'none', '1', '商品管理', '1', '', '2013-11-11 11:11:11', '1', '2013-11-11 11:11:11', '1');
INSERT INTO `user_admin`.`TB_USERADMIN_RESOURCE` (`RES_ID`, `SYSTEM_CODE`, `PARENT_RES_ID`, `NAME`, `ENAME`, `URL`, `TYPE`, `ICON`, `ORDER_NO`, `DESCRIPTION`, `STATUS`, `STYLE`, `CREATE_TIME`, `CREATE_PERSON`, `UPDATE_TIME`, `UPDATE_PERSON`) VALUES ('11', 'GOODS_CENTER', '-1', '库存管理', 'NULL', 'none', '0', 'none', '1', '库存管理', '1', '', '2013-11-11 11:11:11', '1', '2013-11-11 11:11:11', '1');
INSERT INTO `user_admin`.`TB_USERADMIN_RESOURCE` (`RES_ID`, `SYSTEM_CODE`, `PARENT_RES_ID`, `NAME`, `ENAME`, `URL`, `TYPE`, `ICON`, `ORDER_NO`, `DESCRIPTION`, `STATUS`, `STYLE`, `CREATE_TIME`, `CREATE_PERSON`, `UPDATE_TIME`, `UPDATE_PERSON`) VALUES ('12', 'GOODS_CENTER', '-1', '方案管理', 'NULL', 'none', '0', 'none', '1', '方案管理', '1', '', '2013-11-11 11:11:11', '1', '2013-11-11 11:11:11', '1');
INSERT INTO `user_admin`.`TB_USERADMIN_RESOURCE` (`RES_ID`, `SYSTEM_CODE`, `PARENT_RES_ID`, `NAME`, `ENAME`, `URL`, `TYPE`, `ICON`, `ORDER_NO`, `DESCRIPTION`, `STATUS`, `STYLE`, `CREATE_TIME`, `CREATE_PERSON`, `UPDATE_TIME`, `UPDATE_PERSON`) VALUES ('13', 'USER_SYSTEM', '-1', '用户管理', 'NULL', 'http://localhost:8087/user/user/list.do', '0', 'none', '1', '用户管理', '1', '', '2013-11-11 11:11:11', '1', '2013-11-11 11:11:11', '1');
INSERT INTO `user_admin`.`TB_USERADMIN_RESOURCE` (`RES_ID`, `SYSTEM_CODE`, `PARENT_RES_ID`, `NAME`, `ENAME`, `URL`, `TYPE`, `ICON`, `ORDER_NO`, `DESCRIPTION`, `STATUS`, `STYLE`, `CREATE_TIME`, `CREATE_PERSON`, `UPDATE_TIME`, `UPDATE_PERSON`) VALUES ('14', 'USER_SYSTEM', '-1', '组织机构管理', 'NULL', 'http://localhost:8087/user/organ/list.do', '0', 'none', '1', '组织机构管理', '1', '', '2013-11-11 11:11:11', '1', '2013-11-11 11:11:11', '1');
INSERT INTO `user_admin`.`TB_USERADMIN_RESOURCE` (`RES_ID`, `SYSTEM_CODE`, `PARENT_RES_ID`, `NAME`, `ENAME`, `URL`, `TYPE`, `ICON`, `ORDER_NO`, `DESCRIPTION`, `STATUS`, `STYLE`, `CREATE_TIME`, `CREATE_PERSON`, `UPDATE_TIME`, `UPDATE_PERSON`) VALUES ('15', 'USER_SYSTEM', '-1', '角色管理', 'NULL', 'http://localhost:8087/user/role/list.do', '0', 'none', '1', '角色管理', '1', '', '2013-11-11 11:11:11', '1', '2013-11-11 11:11:11', '1');
INSERT INTO `user_admin`.`TB_USERADMIN_RESOURCE` (`RES_ID`, `SYSTEM_CODE`, `PARENT_RES_ID`, `NAME`, `ENAME`, `URL`, `TYPE`, `ICON`, `ORDER_NO`, `DESCRIPTION`, `STATUS`, `STYLE`, `CREATE_TIME`, `CREATE_PERSON`, `UPDATE_TIME`, `UPDATE_PERSON`) VALUES ('16', 'USER_SYSTEM', '13', '新增用户', 'NULL', 'http://localhost:8087/user/user/add.do', '1', 'none', '1', '新增用户', '1', 'glyphicon glyphicon-plus-sign', '2013-11-11 11:11:11', '1', '2013-11-11 11:11:11', '1');
INSERT INTO `user_admin`.`TB_USERADMIN_RESOURCE` (`RES_ID`, `SYSTEM_CODE`, `PARENT_RES_ID`, `NAME`, `ENAME`, `URL`, `TYPE`, `ICON`, `ORDER_NO`, `DESCRIPTION`, `STATUS`, `STYLE`, `CREATE_TIME`, `CREATE_PERSON`, `UPDATE_TIME`, `UPDATE_PERSON`) VALUES ('17', 'USER_SYSTEM', '13', '审核用户', 'NULL', 'http://localhost:8087/user/user/review.do', '1', 'none', '2', '审核用户', '1', 'glyphicon glyphicon-check', '2013-11-11 11:11:11', '1', '2013-11-11 11:11:11', '1');
--------------------------------------------
INSERT INTO `user_admin`.`TB_USERADMIN_ROLE` (`ROLE_ID`, `SYSTEM_CODE`, `ROLE_CODE`, `NAME`, `DESCRIPTION`, `STATUS`, `CREATE_TIME`, `CREATE_PERSON`, `UPDATE_TIME`, `UPDATE_PERSON`) VALUES ('1', 'PERSON_CENTER', 'SUPER_ADMIN', '超级管理员', '超级管理员', '1', '2013-11-11 11:11:11', '1', '2013-11-11 11:11:11', '1');
INSERT INTO `user_admin`.`TB_USERADMIN_ROLE` (`ROLE_ID`, `SYSTEM_CODE`, `ROLE_CODE`, `NAME`, `DESCRIPTION`, `STATUS`, `CREATE_TIME`, `CREATE_PERSON`, `UPDATE_TIME`, `UPDATE_PERSON`) VALUES ('2', 'PERSON_CENTER', 'PERSON_CENTER_ADMIN', '个人中心管理员', '个人中心管理员', '1', '2013-11-11 11:11:11', '1', '2013-11-11 11:11:11', '1');
INSERT INTO `user_admin`.`TB_USERADMIN_ROLE` (`ROLE_ID`, `SYSTEM_CODE`, `ROLE_CODE`, `NAME`, `DESCRIPTION`, `STATUS`, `CREATE_TIME`, `CREATE_PERSON`, `UPDATE_TIME`, `UPDATE_PERSON`) VALUES ('3', 'PERSON_CENTER', 'PERSON_CENTER_NORMAL', '个人中心普通用户', '个人中心普通用户', '1', '2013-11-11 11:11:11', '1', '2013-11-11 11:11:11', '1');
INSERT INTO `user_admin`.`TB_USERADMIN_ROLE` (`ROLE_ID`, `SYSTEM_CODE`, `ROLE_CODE`, `NAME`, `DESCRIPTION`, `STATUS`, `CREATE_TIME`, `CREATE_PERSON`, `UPDATE_TIME`, `UPDATE_PERSON`) VALUES ('4', 'GOODS_CENTER', 'GOODS_CENTER_ADMIN', '商品中心管理员', '商品中心管理员', '1', '2013-11-11 11:11:11', '1', '2013-11-11 11:11:11', '1');
INSERT INTO `user_admin`.`TB_USERADMIN_ROLE` (`ROLE_ID`, `SYSTEM_CODE`, `ROLE_CODE`, `NAME`, `DESCRIPTION`, `STATUS`, `CREATE_TIME`, `CREATE_PERSON`, `UPDATE_TIME`, `UPDATE_PERSON`) VALUES ('5', 'GOODS_CENTER', 'GOODS_CENTER_GOODSMAINT', '商品中心商品维护员', '商品中心商品维护员', '1', '2013-11-11 11:11:11', '1', '2013-11-11 11:11:11', '1');
INSERT INTO `user_admin`.`TB_USERADMIN_ROLE` (`ROLE_ID`, `SYSTEM_CODE`, `ROLE_CODE`, `NAME`, `DESCRIPTION`, `STATUS`, `CREATE_TIME`, `CREATE_PERSON`, `UPDATE_TIME`, `UPDATE_PERSON`) VALUES ('6', 'GOODS_CENTER', 'GOODS_CENTER_PLAN', '商品中心方案员', '商品中心方案员', '1', '2013-11-11 11:11:11', '1', '2013-11-11 11:11:11', '1');
INSERT INTO `user_admin`.`TB_USERADMIN_ROLE` (`ROLE_ID`, `SYSTEM_CODE`, `ROLE_CODE`, `NAME`, `DESCRIPTION`, `STATUS`, `CREATE_TIME`, `CREATE_PERSON`, `UPDATE_TIME`, `UPDATE_PERSON`) VALUES ('7', 'GOODS_CENTER', 'GOODS_CENTER_LEADER', '商品中心领导', '商品中心领导', '1', '2013-11-11 11:11:11', '1', '2013-11-11 11:11:11', '1');
INSERT INTO `user_admin`.`TB_USERADMIN_ROLE` (`ROLE_ID`, `SYSTEM_CODE`, `ROLE_CODE`, `NAME`, `DESCRIPTION`, `STATUS`, `CREATE_TIME`, `CREATE_PERSON`, `UPDATE_TIME`, `UPDATE_PERSON`) VALUES ('8', 'ORDER_CENTER', 'ORDER_CENTER_ADMIN', '订单中心管理员', '订单中心管理员', '1', '2013-11-11 11:11:11', '1', '2013-11-11 11:11:11', '1');
INSERT INTO `user_admin`.`TB_USERADMIN_ROLE` (`ROLE_ID`, `SYSTEM_CODE`, `ROLE_CODE`, `NAME`, `DESCRIPTION`, `STATUS`, `CREATE_TIME`, `CREATE_PERSON`, `UPDATE_TIME`, `UPDATE_PERSON`) VALUES ('9', 'ACTIVITY_CENTER', 'ACTIVITY_CENTER_ADMIN', '活动中心管理员', '活动中心管理员', '1', '2013-11-11 11:11:11', '1', '2013-11-11 11:11:11', '1');
INSERT INTO `user_admin`.`TB_USERADMIN_ROLE` (`ROLE_ID`, `SYSTEM_CODE`, `ROLE_CODE`, `NAME`, `DESCRIPTION`, `STATUS`, `CREATE_TIME`, `CREATE_PERSON`, `UPDATE_TIME`, `UPDATE_PERSON`) VALUES ('10', 'REPORT_SYSTEM', 'REPORT_SYSTEM_ADMIN', '报表统计管理员', '报表统计管理员', '1', '2013-11-11 11:11:11', '1', '2013-11-11 11:11:11', '1');
INSERT INTO `user_admin`.`TB_USERADMIN_ROLE` (`ROLE_ID`, `SYSTEM_CODE`, `ROLE_CODE`, `NAME`, `DESCRIPTION`, `STATUS`, `CREATE_TIME`, `CREATE_PERSON`, `UPDATE_TIME`, `UPDATE_PERSON`) VALUES ('11', 'EVAL_SYSTEM', 'EVAL_SYSTEM_ADMIN', '评价系统管理员', '评价系统管理员', '1', '2013-11-11 11:11:11', '1', '2013-11-11 11:11:11', '1');
INSERT INTO `user_admin`.`TB_USERADMIN_ROLE` (`ROLE_ID`, `SYSTEM_CODE`, `ROLE_CODE`, `NAME`, `DESCRIPTION`, `STATUS`, `CREATE_TIME`, `CREATE_PERSON`, `UPDATE_TIME`, `UPDATE_PERSON`) VALUES ('12', 'USER_SYSTEM', 'USER_SYSTEM_ADMIN', '用户管理系统管理员', '用户管理系统管理员', '1', '2013-11-11 11:11:11', '1', '2013-11-11 11:11:11', '1');
-------------------------------------------------------
INSERT INTO `user_admin`.`TB_USERADMIN_POPEDOM` (`ROLE_CODE`, `RES_ID`, `CREATE_TIME`, `UPDATE_TIME`) VALUES ('GOODS_CENTER_ADMIN', '10', '2013-11-11 11:11:11', '2013-11-11 11:11:11');
INSERT INTO `user_admin`.`TB_USERADMIN_POPEDOM` (`ROLE_CODE`, `RES_ID`, `CREATE_TIME`, `UPDATE_TIME`) VALUES ('GOODS_CENTER_ADMIN', '11', '2013-11-11 11:11:11', '2013-11-11 11:11:11');
INSERT INTO `user_admin`.`TB_USERADMIN_POPEDOM` (`ROLE_CODE`, `RES_ID`, `CREATE_TIME`, `UPDATE_TIME`) VALUES ('GOODS_CENTER_ADMIN', '12', '2013-11-11 11:11:11', '2013-11-11 11:11:11');
INSERT INTO `user_admin`.`TB_USERADMIN_POPEDOM` (`ROLE_CODE`, `RES_ID`, `CREATE_TIME`, `UPDATE_TIME`) VALUES ('GOODS_CENTER_GOODSMAINT', '10', '2013-11-11 11:11:11', '2013-11-11 11:11:11');
INSERT INTO `user_admin`.`TB_USERADMIN_POPEDOM` (`ROLE_CODE`, `RES_ID`, `CREATE_TIME`, `UPDATE_TIME`) VALUES ('GOODS_CENTER_GOODSMAINT', '11', '2013-11-11 11:11:11', '2013-11-11 11:11:11');
INSERT INTO `user_admin`.`TB_USERADMIN_POPEDOM` (`ROLE_CODE`, `RES_ID`, `CREATE_TIME`, `UPDATE_TIME`) VALUES ('GOODS_CENTER_PLAN', '12', '2013-11-11 11:11:11', '2013-11-11 11:11:11');
INSERT INTO `user_admin`.`TB_USERADMIN_POPEDOM` (`ROLE_CODE`, `RES_ID`, `CREATE_TIME`, `UPDATE_TIME`) VALUES ('PERSON_CENTER_ADMIN', '1', '2013-11-11 11:11:11', '2013-11-11 11:11:11');
INSERT INTO `user_admin`.`TB_USERADMIN_POPEDOM` (`ROLE_CODE`, `RES_ID`, `CREATE_TIME`, `UPDATE_TIME`) VALUES ('PERSON_CENTER_ADMIN', '2', '2013-11-11 11:11:11', '2013-11-11 11:11:11');
INSERT INTO `user_admin`.`TB_USERADMIN_POPEDOM` (`ROLE_CODE`, `RES_ID`, `CREATE_TIME`, `UPDATE_TIME`) VALUES ('PERSON_CENTER_ADMIN', '3', '2013-11-11 11:11:11', '2013-11-11 11:11:11');
INSERT INTO `user_admin`.`TB_USERADMIN_POPEDOM` (`ROLE_CODE`, `RES_ID`, `CREATE_TIME`, `UPDATE_TIME`) VALUES ('PERSON_CENTER_ADMIN', '4', '2013-11-11 11:11:11', '2013-11-11 11:11:11');
INSERT INTO `user_admin`.`TB_USERADMIN_POPEDOM` (`ROLE_CODE`, `RES_ID`, `CREATE_TIME`, `UPDATE_TIME`) VALUES ('PERSON_CENTER_ADMIN', '5', '2013-11-11 11:11:11', '2013-11-11 11:11:11');
INSERT INTO `user_admin`.`TB_USERADMIN_POPEDOM` (`ROLE_CODE`, `RES_ID`, `CREATE_TIME`, `UPDATE_TIME`) VALUES ('PERSON_CENTER_ADMIN', '6', '2013-11-11 11:11:11', '2013-11-11 11:11:11');
INSERT INTO `user_admin`.`TB_USERADMIN_POPEDOM` (`ROLE_CODE`, `RES_ID`, `CREATE_TIME`, `UPDATE_TIME`) VALUES ('PERSON_CENTER_ADMIN', '7', '2013-11-11 11:11:11', '2013-11-11 11:11:11');
INSERT INTO `user_admin`.`TB_USERADMIN_POPEDOM` (`ROLE_CODE`, `RES_ID`, `CREATE_TIME`, `UPDATE_TIME`) VALUES ('PERSON_CENTER_ADMIN', '8', '2013-11-11 11:11:11', '2013-11-11 11:11:11');
INSERT INTO `user_admin`.`TB_USERADMIN_POPEDOM` (`ROLE_CODE`, `RES_ID`, `CREATE_TIME`, `UPDATE_TIME`) VALUES ('PERSON_CENTER_ADMIN', '9', '2013-11-11 11:11:11', '2013-11-11 11:11:11');
INSERT INTO `user_admin`.`TB_USERADMIN_POPEDOM` (`ROLE_CODE`, `RES_ID`, `CREATE_TIME`, `UPDATE_TIME`) VALUES ('PERSON_CENTER_NORMAL', '1', '2013-11-11 11:11:11', '2013-11-11 11:11:11');
INSERT INTO `user_admin`.`TB_USERADMIN_POPEDOM` (`ROLE_CODE`, `RES_ID`, `CREATE_TIME`, `UPDATE_TIME`) VALUES ('PERSON_CENTER_NORMAL', '2', '2013-11-11 11:11:11', '2013-11-11 11:11:11');
INSERT INTO `user_admin`.`TB_USERADMIN_POPEDOM` (`ROLE_CODE`, `RES_ID`, `CREATE_TIME`, `UPDATE_TIME`) VALUES ('PERSON_CENTER_NORMAL', '3', '2013-11-11 11:11:11', '2013-11-11 11:11:11');
INSERT INTO `user_admin`.`TB_USERADMIN_POPEDOM` (`ROLE_CODE`, `RES_ID`, `CREATE_TIME`, `UPDATE_TIME`) VALUES ('PERSON_CENTER_NORMAL', '4', '2013-11-11 11:11:11', '2013-11-11 11:11:11');
INSERT INTO `user_admin`.`TB_USERADMIN_POPEDOM` (`ROLE_CODE`, `RES_ID`, `CREATE_TIME`, `UPDATE_TIME`) VALUES ('PERSON_CENTER_NORMAL', '5', '2013-11-11 11:11:11', '2013-11-11 11:11:11');
INSERT INTO `user_admin`.`TB_USERADMIN_POPEDOM` (`ROLE_CODE`, `RES_ID`, `CREATE_TIME`, `UPDATE_TIME`) VALUES ('PERSON_CENTER_NORMAL', '6', '2013-11-11 11:11:11', '2013-11-11 11:11:11');
INSERT INTO `user_admin`.`TB_USERADMIN_POPEDOM` (`ROLE_CODE`, `RES_ID`, `CREATE_TIME`, `UPDATE_TIME`) VALUES ('PERSON_CENTER_NORMAL', '7', '2013-11-11 11:11:11', '2013-11-11 11:11:11');
INSERT INTO `user_admin`.`TB_USERADMIN_POPEDOM` (`ROLE_CODE`, `RES_ID`, `CREATE_TIME`, `UPDATE_TIME`) VALUES ('PERSON_CENTER_NORMAL', '8', '2013-11-11 11:11:11', '2013-11-11 11:11:11');
INSERT INTO `user_admin`.`TB_USERADMIN_POPEDOM` (`ROLE_CODE`, `RES_ID`, `CREATE_TIME`, `UPDATE_TIME`) VALUES ('USER_SYSTEM_ADMIN', '13', '2013-11-11 11:11:11', '2013-11-11 11:11:11');
INSERT INTO `user_admin`.`TB_USERADMIN_POPEDOM` (`ROLE_CODE`, `RES_ID`, `CREATE_TIME`, `UPDATE_TIME`) VALUES ('USER_SYSTEM_ADMIN', '14', '2013-11-11 11:11:11', '2013-11-11 11:11:11');
INSERT INTO `user_admin`.`TB_USERADMIN_POPEDOM` (`ROLE_CODE`, `RES_ID`, `CREATE_TIME`, `UPDATE_TIME`) VALUES ('USER_SYSTEM_ADMIN', '15', '2013-11-11 11:11:11', '2013-11-11 11:11:11');
INSERT INTO `user_admin`.`TB_USERADMIN_POPEDOM` (`ROLE_CODE`, `RES_ID`, `CREATE_TIME`, `UPDATE_TIME`) VALUES ('USER_SYSTEM_ADMIN', '16', '2013-11-11 11:11:11', '2013-11-11 11:11:11');
INSERT INTO `user_admin`.`TB_USERADMIN_POPEDOM` (`ROLE_CODE`, `RES_ID`, `CREATE_TIME`, `UPDATE_TIME`) VALUES ('USER_SYSTEM_ADMIN', '17', '2013-11-11 11:11:11', '2013-11-11 11:11:11');
------------------------------------------------------------
INSERT INTO `user_admin`.`TB_USERADMIN_USER` (`USER_ID`, `LOGIN_ID`, `USERNAME`, `PASSWORD`, `EMAIL`, `TEL`, `SEX`, `STATUS`, `ADDRESS`, `BIRTHDAY`, `LATNNO`, `LOGIN_NUMBER`, `TOKEN`, `EXPIRE_DATE`, `LAST_LOGIN_TIME`, `CREATE_TIME`, `CREATE_PERSON`, `UPDATE_TIME`, `UPDATE_PERSON`) VALUES ('1', '18665867002', '周亮', '8e57b3820ee9baa4db36b4343fa09f62', '18723351@qq.com', '18665867002', '男', '1', '岳阳市', '2013-11-11 11:11:11', 'NULL', '1', 'NULL', '2013-11-11 11:11:11', '2013-11-11 11:11:11', '2013-11-11 11:11:11', '1', '2013-11-11 11:11:11', '1');
INSERT INTO `user_admin`.`TB_USERADMIN_USER` (`USER_ID`, `LOGIN_ID`, `USERNAME`, `PASSWORD`, `EMAIL`, `TEL`, `SEX`, `STATUS`, `ADDRESS`, `BIRTHDAY`, `LATNNO`, `LOGIN_NUMBER`, `TOKEN`, `EXPIRE_DATE`, `LAST_LOGIN_TIME`, `CREATE_TIME`, `CREATE_PERSON`, `UPDATE_TIME`, `UPDATE_PERSON`) VALUES ('2', '15818774641', '周阳', '8e57b3820ee9baa4db36b4343fa09f62', 'zl2006@gamil.com', '15818774641', '男', '1', '深圳市', '2013-11-11 11:11:11', 'NULL', '1', 'NULL', '2013-11-11 11:11:11', '2013-11-11 11:11:11', '2013-11-11 11:11:11', '1', '2013-11-11 11:11:11', '1');
------------------------------------
INSERT INTO `user_admin`.`TB_USERADMIN_USERROLEREL` (`LOGIN_ID`, `ROLE_CODE`, `CREATE_TIME`, `UPDATE_TIME`) VALUES ('15818774641', 'GOODS_CENTER_ADMIN', '2013-11-11 11:11:11', '2013-11-11 11:11:11');
INSERT INTO `user_admin`.`TB_USERADMIN_USERROLEREL` (`LOGIN_ID`, `ROLE_CODE`, `CREATE_TIME`, `UPDATE_TIME`) VALUES ('18665867002', 'ACTIVITY_CENTER_ADMIN', '2013-11-11 11:11:11', '2013-11-11 11:11:11');
INSERT INTO `user_admin`.`TB_USERADMIN_USERROLEREL` (`LOGIN_ID`, `ROLE_CODE`, `CREATE_TIME`, `UPDATE_TIME`) VALUES ('18665867002', 'EVAL_SYSTEM_ADMIN', '2013-11-11 11:11:11', '2013-11-11 11:11:11');
INSERT INTO `user_admin`.`TB_USERADMIN_USERROLEREL` (`LOGIN_ID`, `ROLE_CODE`, `CREATE_TIME`, `UPDATE_TIME`) VALUES ('18665867002', 'GOODS_CENTER_GOODSMAINT', '2013-11-11 11:11:11', '2013-11-11 11:11:11');
INSERT INTO `user_admin`.`TB_USERADMIN_USERROLEREL` (`LOGIN_ID`, `ROLE_CODE`, `CREATE_TIME`, `UPDATE_TIME`) VALUES ('18665867002', 'ORDER_CENTER_ADMIN', '2013-11-11 11:11:11', '2013-11-11 11:11:11');
INSERT INTO `user_admin`.`TB_USERADMIN_USERROLEREL` (`LOGIN_ID`, `ROLE_CODE`, `CREATE_TIME`, `UPDATE_TIME`) VALUES ('18665867002', 'PERSON_CENTER_ADMIN', '2013-11-11 11:11:11', '2013-11-11 11:11:11');
INSERT INTO `user_admin`.`TB_USERADMIN_USERROLEREL` (`LOGIN_ID`, `ROLE_CODE`, `CREATE_TIME`, `UPDATE_TIME`) VALUES ('18665867002', 'REPORT_SYSTEM_ADMIN', '2013-11-11 11:11:11', '2013-11-11 11:11:11');
INSERT INTO `user_admin`.`TB_USERADMIN_USERROLEREL` (`LOGIN_ID`, `ROLE_CODE`, `CREATE_TIME`, `UPDATE_TIME`) VALUES ('18665867002', 'USER_SYSTEM_ADMIN', '2013-11-11 11:11:11', '2013-11-11 11:11:11');
-----------------------------------
INSERT INTO `user_admin`.`TB_USERADMIN_USERGROUP` (`USERGROUP_ID`, `GROUP_NAME`, `DESCRIPTION`, `STATUS`, `CREATE_TIME`, `CREATE_PERSON`, `UPDATE_TIME`, `UPDATE_PERSON`) VALUES ('1', '测试组', '测试组', '1', '2013-11-11 11:11:11', '1', '2013-11-11 11:11:11', '1');
---------------------------------------
INSERT INTO `user_admin`.`TB_USERADMIN_GROUPROLEREL` (`ROLE_CODE`, `USERGROUP_ID`, `CREATE_TIME`, `UPDATE_TIME`) VALUES ('GOODS_CENTER_PLAN', '1', '2013-11-11 11:11:11', '2013-11-11 11:11:11');
-----------------------------------------
INSERT INTO `user_admin`.`TB_USERADMIN_USERGROUPREL` (`LOGIN_ID`, `USERGROUP_ID`, `CREATE_TIME`, `UPDATE_TIME`) VALUES ('15818774641', '1', '2013-12-06 08:48:58', '2013-12-06 08:48:50');
INSERT INTO `user_admin`.`TB_USERADMIN_USERGROUPREL` (`LOGIN_ID`, `USERGROUP_ID`, `CREATE_TIME`, `UPDATE_TIME`) VALUES ('18665867002', '1', '2013-12-06 08:48:58', '2013-12-06 08:48:50');
